batch,cell_id,policy,cycle_life,dq_std,split,prediction,residual,APE
Batch 1,9,5.4C(40%)-3.6C,1054.0,0.009339167424245436,Valid_Batch1,920.7510732695198,133.2489267304802,0.1264221316228465
Batch 1,23,6C(30%)-3.6C,1014.0,0.009541203928808278,Valid_Batch1,912.5430968311113,101.45690316888874,0.10005611752355892
Batch 1,26,6C(40%)-3.6C,870.0,0.012658726058558622,Valid_Batch1,794.7792701587098,75.22072984129022,0.08646060901297727
Batch 1,27,6C(40%)-3.6C,842.0,0.011834458743150216,Valid_Batch1,824.3511278833719,17.648872116628127,0.020960655720460956
Batch 1,32,6C(60%)-3C,731.0,0.015023400723607454,Valid_Batch1,715.6994379275989,15.300562072401135,0.020931001467033018
Batch 1,33,6C(60%)-3C,757.0,0.01467138795255144,Valid_Batch1,726.9529559584813,30.04704404151869,0.03969226425563895
Batch 1,36,7C(40%)-3C,704.0,0.014630168521871538,Valid_Batch1,728.2822224354303,-24.2822224354303,0.03449179323214531
Batch 1,37,7C(40%)-3C,648.0,0.014555614781623408,Valid_Batch1,730.6926487080133,-82.69264870801328,0.1276121122037242
Batch 1,42,8C(25%)-3.6C,702.0,0.014691701886352647,Valid_Batch1,726.2987539915587,-24.29875399155867,0.034613609674585
Batch 1,43,8C(25%)-3.6C,651.0,0.014659206551211425,Valid_Batch1,727.3455356185387,-76.34553561853875,0.11727424826196428
Batch 2,0,5.2C(58%)-4C,477.0,0.018045445234188193,Test_Batch2,622.3335658843985,-145.33356588439847,0.30468252805953555
Batch 2,1,5.6C(26%)-4.5C,491.0,0.022437492319572143,Test_Batch2,508.9953420987462,-17.99534209874622,0.036650391239809
Batch 2,2,5.2C(50%)-4.25C,424.0,0.01861554765902094,Test_Batch2,606.3036331258658,-182.30363312586576,0.4299613988817589
Batch 2,3,4.65C(44%)-5C,499.0,0.01785987855909978,Test_Batch2,627.6421505398386,-128.64215053983855,0.25779990088144
Batch 2,4,4.65C(69%)-6C,444.0,0.024196168146335344,Test_Batch2,469.6270739052428,-25.62707390524281,0.05771863492171804
Batch 2,5,3.6C(30%)-6C,416.0,0.0286456801144953,Test_Batch2,383.0904848917387,32.9095151082613,0.07910941131793582
Batch 2,6,3.6C(9%)-5C,393.0,0.017178298963870704,Test_Batch2,647.5319608008462,-254.53196080084615,0.6476640223940106
Batch 2,7,4.8C(80%)-4.8C-newstructure,777.0,0.007658874533680826,Test_Batch2,1001.146560820805,-224.146560820805,0.2884769122532883
Batch 2,8,5.2C(58%)-4C-newstructure,904.0,0.008887687170060894,Test_Batch2,946.3899453570269,-42.38994535702693,0.046891532474587314
Batch 2,9,5.6C(26%)-4.5C-newstructure,791.0,0.0067264692113935855,Test_Batch2,1044.799429575854,-253.799429575854,0.3208589501591074
Batch 2,10,4.8C(80%)-4.8C,492.0,0.01881698086828442,Test_Batch2,600.739078251507,-108.73907825150695,0.22101438669005477
Batch 2,11,5.2C(50%)-4.25C,449.0,0.018084370230729268,Test_Batch2,621.2257316978024,-172.22573169780242,0.3835762398614753
Batch 2,12,4.65C(44%)-5C,466.0,0.026062484613553163,Test_Batch2,431.1740922064258,34.825907793574174,0.07473370771153257
Batch 2,13,4.65C(69%)-6C,460.0,0.021270423605120513,Test_Batch2,536.9253934212433,-76.92539342124326,0.1672291161331375
Batch 2,14,3.6C(30%)-6C,426.0,0.02758925777024375,Test_Batch2,402.07027242762206,23.929727572377942,0.056173069418727566
Batch 2,15,3.6C(9%)-5C,396.0,0.01745315865609385,Test_Batch2,639.4362878361266,-243.43628783612655,0.6147381005962792
Batch 2,16,4.8C(80%)-4.8C,472.0,0.017887906001849245,Test_Batch2,626.8374638475898,-154.8374638475898,0.3280454742533682
Batch 2,17,5.6C(26%)-4.5C,471.0,0.017775750085383565,Test_Batch2,630.0637447302845,-159.0637447302845,0.3377149569645106
Batch 2,18,5.2C(50%)-4.25C,449.0,0.014007112988725734,Test_Batch2,748.6884832974532,-299.6884832974532,0.6674576465422121
Batch 2,19,6C(60%)-3C,392.0,0.02259545014450688,Test_Batch2,505.3284707713936,-113.3284707713936,0.2891032417637592
Batch 2,20,5.2C(58%)-4C,489.0,0.019025990882654623,Test_Batch2,595.0191975072285,-106.01919750722845,0.21680817486140788
Batch 2,21,6C(60%)-3C,408.0,0.021710031940369627,Test_Batch2,526.2292430824588,-118.22924308245877,0.2897775565746538
Batch 2,24,4.8C(80%)-4.8C,514.0,0.015120194088296018,Test_Batch2,711.4989039509377,-197.4989039509377,0.38423911274501493
Batch 2,25,5.2C(58%)-4C,493.0,0.017090746597441777,Test_Batch2,650.1321766824351,-157.1321766824351,0.3187265247108217
Batch 2,26,5.6C(26%)-4.5C,450.0,0.024489120946046897,Test_Batch2,463.3717180197564,-13.371718019756372,0.02971492893279194
Batch 2,27,5.2C(50%)-4.25C,474.0,0.0180675049989355,Test_Batch2,621.7054863394245,-147.7054863394245,0.3116149500831741
Batch 2,28,4.8C(80%)-4.8C,437.0,0.019422020824352758,Test_Batch2,584.3301648917104,-147.3301648917104,0.33713996542725494
Batch 2,29,5.2C(58%)-4C,452.0,0.017614726746538883,Test_Batch2,634.724803538808,-182.72480353880803,0.4042584149088673
Batch 2,30,5.6C(26%)-4.5C,412.0,0.02554437142360075,Test_Batch2,441.5218691033192,-29.521869103319204,0.07165502209543496
Batch 2,31,5.6C(26%)-4.5C,425.0,0.021077572133496442,Test_Batch2,541.6860291156962,-116.68602911569621,0.27455536262516755
Batch 2,32,4.8C(80%)-4.8C-newstructure,809.0,0.008595416434396493,Test_Batch2,959.135933289415,-150.135933289415,0.18558211778666872
Batch 2,33,5.2C(58%)-4C-newstructure,1140.0,0.007659242858910271,Test_Batch2,1001.1296822659777,138.87031773402225,0.12181606818773881
Batch 2,34,5.6C(26%)-4.5C-newstructure,1186.0,0.005966331959763814,Test_Batch2,1081.7917878151375,104.20821218486253,0.08786527165671378
Batch 2,41,5.6C(26%)-4.5C,442.0,0.025930870417622588,Test_Batch2,433.7794898691604,8.220510130839614,0.018598439210044376
Batch 2,42,5.2C(50%)-4.25C,474.0,0.018142877824005862,Test_Batch2,619.5642710628371,-145.56427106283707,0.30709761827602755
Batch 2,43,4.8C(80%)-4.8C-newstructure,1029.0,0.007313226691948413,Test_Batch2,1017.1120192771883,11.887980722811676,0.011552945308854885
Batch 2,44,5.2C(58%)-4C-newstructure,841.0,0.006572616002036624,Test_Batch2,1052.1832206309477,-211.18322063094774,0.25110965592264894
Batch 2,45,5.6C(26%)-4.5C-newstructure,997.0,0.008173207510565158,Test_Batch2,977.8522619102177,19.14773808978225,0.01920535415223897
Batch 2,46,4.8C(80%)-4.8C,503.0,0.017602016898413866,Test_Batch2,635.0941738270408,-132.09417382704078,0.26261267162433555
Batch 3,0,5C(67%)-4C-newstructure,1009.0,0.007541236568962175,Test_Batch3,1006.551922268554,2.4480777314460056,0.002426241557429143
Batch 3,1,5.3C(54%)-4C-newstructure,1063.0,0.007198278489875553,Test_Batch3,1022.4776871699851,40.522312830014926,0.038120708212619876
Batch 3,3,5.6C(36%)-4.3C-newstructure,1115.0,0.008743717444096716,Test_Batch3,952.6471860215084,162.35281397849155,0.14560790491344533
Batch 3,4,5.6C(19%)-4.6C-newstructure,1048.0,0.008142676169150403,Test_Batch3,979.2197779332773,68.78022206672267,0.06562998288809416
Batch 3,5,5.6C(36%)-4.3C-newstructure,828.0,0.008765728448902952,Test_Batch3,951.6878671460594,-123.68786714605938,0.14938148206045818
Batch 3,6,3.7C(31%)-5.9C-newstructure,667.0,0.01726417793759377,Test_Batch3,644.9915465910486,22.008453408951368,0.032996182022415846
Batch 3,7,4.8C(80%)-4.8C-newstructure,1836.0,0.005696772889803214,Test_Batch3,1095.2222035405405,740.7777964594595,0.4034737453482895
Batch 3,8,5C(67%)-4C-newstructure,828.0,0.008997008303112354,Test_Batch3,941.6660758666596,-113.66607586665964,0.1372778694041783
Batch 3,9,5.3C(54%)-4C-newstructure,1039.0,0.010205905047944403,Test_Batch3,890.974532488958,148.02546751104205,0.14246916988550726
Batch 3,10,4.8C(80%)-4.8C-newstructure,1078.0,0.00622761904322948,Test_Batch3,1068.9307225717332,9.069277428266787,0.008413058838837464
Batch 3,11,5.6C(19%)-4.6C-newstructure,817.0,0.011416669207575862,Test_Batch3,842.9397489130902,-25.93974891309017,0.03174999866963301
Batch 3,12,5.6C(36%)-4.3C-newstructure,932.0,0.010631756260796616,Test_Batch3,873.7753778066094,58.22462219339059,0.06247277059376673
Batch 3,13,5.6C(19%)-4.6C-newstructure,816.0,0.008969469498406532,Test_Batch3,942.8538272735271,-126.85382727352714,0.15545812165873424
Batch 3,14,5.6C(36%)-4.3C-newstructure,858.0,0.010003826535299392,Test_Batch3,899.2540556350647,-41.254055635064674,0.0480816499243178
Batch 3,15,5.9C(15%)-4.6C-newstructure,876.0,0.009992123405006742,Test_Batch3,899.735904195163,-23.735904195163016,0.02709578104470664
Batch 3,16,4.8C(80%)-4.8C-newstructure,1638.0,0.004495140289726133,Test_Batch3,1157.1494958850676,480.8505041149324,0.2935595263216925
Batch 3,17,5.3C(54%)-4C-newstructure,1315.0,0.006027586619356263,Test_Batch3,1078.7628949997195,236.2371050002805,0.1796479885933692
Batch 3,18,5.6C(19%)-4.6C-newstructure,1146.0,0.00746404070922622,Test_Batch3,1010.1148539608438,135.8851460391562,0.11857342586313806
Batch 3,19,5.6C(36%)-4.3C-newstructure,1155.0,0.008204064434852306,Test_Batch3,976.4721032798672,178.52789672013284,0.15456960754989857
Batch 3,20,5C(67%)-4C-newstructure,813.0,0.00926462090615337,Test_Batch3,930.2015509732813,-117.20155097328131,0.14415934929062893
Batch 3,21,3.7C(31%)-5.9C-newstructure,772.0,0.014055187938441774,Test_Batch3,747.0427781393597,24.95722186064029,0.032328007591502964
Batch 3,22,5.9C(60%)-3.1C-newstructure,1002.0,0.009475209070470485,Test_Batch3,921.2781716974536,80.72182830254644,0.0805607068887689
Batch 3,24,5C(67%)-4C-newstructure,825.0,0.008363200381443375,Test_Batch3,969.3851894180987,-144.38518941809866,0.17501235080981656
Batch 3,25,5.3C(54%)-4C-newstructure,989.0,0.008447333251098293,Test_Batch3,965.6592490072088,23.340750992791186,0.023600354896654383
Batch 3,26,5.6C(19%)-4.6C-newstructure,1028.0,0.0077668745952744755,Test_Batch3,996.2096142003888,31.79038579961116,0.03092449980506922
Batch 3,27,5.6C(36%)-4.3C-newstructure,850.0,0.008608626082068027,Test_Batch3,958.5561710879653,-108.55617108796525,0.1277131424564297
Batch 3,28,3.7C(31%)-5.9C-newstructure,541.0,0.01880057160122246,Test_Batch3,601.1904641308321,-60.19046413083208,0.11125778952094655
Batch 3,29,5.9C(15%)-4.6C-newstructure,858.0,0.009294198633809009,Test_Batch3,928.9430379832397,-70.94303798323972,0.08268419345365935
Batch 3,30,5.3C(54%)-4C-newstructure,935.0,0.008910195367561328,Test_Batch3,945.4154115132488,-10.415411513248841,0.011139477554276836
Batch 3,31,5.9C(60%)-3.1C-newstructure,731.0,0.012028140357527091,Test_Batch3,819.6739076435662,-88.67390764356617,0.12130493521691678
Batch 3,33,5C(67%)-4C-newstructure,1284.0,0.006339439090185447,Test_Batch3,1063.4735453027185,220.52645469728145,0.17174957530940924
Batch 3,34,5.3C(54%)-4C-newstructure,1158.0,0.007033479851697211,Test_Batch3,1030.2197429151615,127.78025708483847,0.11034564515098313
Batch 3,35,5.6C(19%)-4.6C-newstructure,1093.0,0.007630813777207345,Test_Batch3,1002.4332859004353,90.5667140995647,0.08286067163729616
Batch 3,36,5.6C(36%)-4.3C-newstructure,923.0,0.007469147564161901,Test_Batch3,1009.878760851182,-86.87876085118205,0.09412650146390254
Batch 3,38,5C(67%)-4C-newstructure,1935.0,0.006744868362557141,Test_Batch3,1043.9198854329768,891.0801145670232,0.4605065191560843
Batch 3,39,5.3C(54%)-4C-newstructure,1156.0,0.005924919603900169,Test_Batch3,1083.844344180854,72.15565581914598,0.062418387386804476
Batch 3,40,5.6C(19%)-4.6C-newstructure,796.0,0.007119440462790883,Test_Batch3,1026.1741234520237,-230.17412345202365,0.28916347167339657
Batch 3,41,5.6C(36%)-4.3C-newstructure,786.0,0.0077668570971993756,Test_Batch3,996.2104121049921,-210.2104121049921,0.26744327239820875
Batch 3,44,5.3C(54%)-4C-newstructure,940.0,0.00859512582612945,Test_Batch3,959.1486918243427,-19.148691824342677,0.020370948749300722
Batch 3,45,4.8C(80%)-4.8C-newstructure,1801.0,0.005490028509211526,Test_Batch3,1105.6358373042722,695.3641626957278,0.3860989243174502
